kind,degree,terms,train_mse,val_mse,val_mse_se,train_r2,val_r2
ridge,1,3,34.800456322045314,35.4209309638715,1.856595475930591,0.2760922344441758,0.25588420714670984
ridge,2,9,21.639035656045166,22.552186871375337,1.1296081184159266,0.5498491946966659,0.5246893442318804
ridge,3,19,10.238826047844999,11.242946607080203,0.724944052564838,0.7869962309778123,0.7635047172001045
ridge,4,34,3.3553615459924053,3.871409206627793,0.16899934900717886,0.930185756052308,0.918243750877793
ridge,5,55,1.2324926558335147,1.5492554207032847,0.07567567627695156,0.9743492393305864,0.9672674973331192
ridge,6,83,0.4066468604063666,0.5480184418114711,0.0316618529533733,0.9915427727989252,0.9884984826398415
ridge,7,119,0.2260950685625324,0.3347605528313414,0.007038821661479157,0.9952936152371145,0.9928854196343557
ridge,8,164,0.16564598502376424,0.28739546392743687,0.016638906805364707,0.9965519158965052,0.9938589992036384
ridge,9,219,0.14156982424615808,0.2934921578974158,0.007553920778134841,0.9970534532557466,0.9937318124655844
ridge,10,285,0.12307857910382783,0.3352789992184676,0.014582117898742945,0.9974373416349289,0.992808079279726
ridge,11,363,0.10755584622077215,0.45677692966474626,0.02431634562533087,0.9977614467516543,0.9902220844411526
ridge,12,454,0.09392410585377295,0.9283809670297952,0.10976370370249053,0.9980463637536439,0.9800867388921161
ridge,13,559,0.08705377647557574,1.8265252686895324,0.44409483684936096,0.9981886059840608,0.9597139847598093
ridge,14,679,0.07994733852734154,1.721620687610749,0.4219622086358457,0.998340021387316,0.9617952241755819
ridge,15,815,0.09707449979438862,2.0397572408844304,0.3207366477521943,0.9979749326747855,0.9552917029351293
ridge,16,968,0.0683678105352639,2.1797482466334537,0.26075151720088346,0.9985688744674738,0.9529190231571963
ridge,17,1139,0.06686504721630278,2.393209890518156,0.2490702238879081,0.9985951932600313,0.9480982991519316
ridge,18,1329,0.05931476253429404,2.464902200160381,0.21004290113017815,0.9987533386274802,0.9466971623460809
ridge,19,1539,0.07175977402791273,2.577199800030553,0.15166052014153208,0.998504766980286,0.9445779190464261
ridge,20,1770,0.057974202476992476,2.552068619152229,0.19042399239836977,0.9987921718174967,0.9448257534638115
lasso,5,55,1.2328578553459661,1.551486736903004,0.07582126361076368,0.974341839791855,0.9672165868341583
lasso,6,83,0.4066183805998815,0.5484351146516971,0.031761075963325065,0.9915433409575579,0.98848988238988
lasso,7,119,0.22631347218442777,0.33492913682423564,0.0071970991607633915,0.9952892272365604,0.9928825072600238
lasso,8,164,0.16557454256695964,0.28535354772424876,0.016191237801247205,0.9965533913216523,0.9939064013553753
lasso,9,219,0.14293589991465844,0.2874474499842692,0.009432255154509774,0.9970245591111077,0.9938699450398103
lasso,10,285,0.1284664931294061,0.293644037695037,0.010088468496617166,0.9973261564016827,0.9937227411856769
lasso,11,363,0.12405141488076663,0.31381975540180634,0.011463495670197511,0.9974184377046156,0.9932903768887218
