x1,x2,x3,y
-0.8604115210253984,0.4264362509136985,-0.33588701111389985,-2.6512035319071785
-0.8184106183108621,0.15225759207255085,0.8096486587815701,-0.14613797287076724
0.8521179392222016,-0.3494816540264418,0.34330515996531785,2.578959076125478
-1.0,1.0,0.6183420082304307,1.2167241476378665
-0.11787122474160006,1.0,-0.018188379824216172,8.016953092004236
1.0,1.0,1.0,25.794388158128474
0.8418624195876163,-0.12349447440298444,-0.9439023628223142,1.6767501989836198
-0.7352480657197731,0.387626574847314,1.0,3.244505389225914
-0.298036195075128,0.3543520185638518,-1.0,-3.298551594529672
-0.8601720078098711,-0.4897578996362668,-0.030834464703581643,0.04927224113395218
-0.20262417426517043,-1.0,0.18971050883689244,2.544928659832049
-0.5313908914728138,0.6628879317980418,-0.6787457195399622,-2.323429705872012
0.5363054550616309,-1.0,0.1663111720521524,-0.05318533319485769
-0.8604977836380856,-0.1996072105262221,-1.0,5.701896757385638
-0.02691639287457015,-0.1255732110329162,-0.12619888714512317,0.6560520032271305
0.45469240869501704,-0.5942289746262288,-0.45266841955164505,1.033033933482586
0.00043218228199681796,-1.0,-1.0,-17.555657098846908
-0.14401986794439958,-0.96437615327466,0.09499404493803532,3.544694164539286
-1.0,0.29096952846008706,0.5535434828866104,-4.71157080526316
0.6277179474776455,0.05549874107398889,0.3008568807060581,1.922262632771349
-0.17760670515116228,0.14736292846893506,0.07937463934235667,0.10357353466144059
1.0,-0.5671824014949578,-0.13189455783545467,3.2889745264306884
0.14673848960554414,-1.0,0.34852009853552457,1.5965426220724106
-0.09771835859081879,1.0,0.7745343658493011,9.134156674605933
-0.25003696834456735,1.0,1.0,15.138827799554077
0.47723646314738666,-0.18832652151052254,1.0,-1.8788293500135615
-0.54220905688577,-0.8704010197659535,0.0394596899391324,2.7688512531936875
-0.11226001234239069,-0.8080049474559443,0.6130886211753839,0.0341126958729549
0.614864218922466,0.11095421510657122,0.08610240307914374,1.3097153623322713
1.0,0.9774138671000858,0.7344001663694213,16.649783864829068
0.04815811073489851,0.168402042046355,-0.14519741436948297,-0.7369387530030811
-0.11928350066318671,-1.0,0.15674887142638094,2.357684682580317
0.14404446786445457,-0.24610715804197425,0.09259595344285176,0.8796908012180084
0.47870174455419634,0.2390236203505942,-1.0,-2.2392476766394496
0.7261303999329578,-0.9311924766056179,0.6040961122289632,-1.009363503358983
0.6781514632611343,1.0,-0.7715828272535235,13.676581061679764
0.4507954584426197,-1.0,-0.19503938827287937,0.461688862788132
0.9482015145622706,-0.8344154579947907,-1.0,-11.123312020598437
1.0,-1.0,0.41490019423583213,-6.376588823781871
-0.997772120602467,0.3991513307434742,0.31391165686190803,-4.112197334800888
0.7196000844442814,0.011206002531275905,0.34593319687980406,1.5815098115023591
1.0,-1.0,-1.0,-29.689413009936576
-0.36997654110614464,0.19690384316555232,0.1817166671040027,-0.428823808167771
0.7836013049818107,1.0,0.07329115572171818,8.073745251540243
-1.0,0.3509617195564587,1.0,3.438606096676409
-0.7562941281759932,-0.3090179472258341,-0.762748295290326,2.4270839303587817
-0.9536877792172604,-0.5709082388703421,0.09218759306855406,-0.09636773534729337
-0.4764597309162386,-0.1725893163844261,0.5244294795835263,-0.09176681097013933
-0.09033265566555637,0.0857070346618376,1.0,0.7495346400250773
-0.6116237223064629,0.31858910997977086,-0.05134924505750482,-1.6794905094707826
-0.5628706708339821,0.08772529680924168,-0.07460174733605407,-0.3675921833193063
0.151008734469815,1.0,-0.8805183838448152,8.48640094310685
-0.8953727912792644,0.25969886520631724,0.21558875773358221,-3.802007984687154
1.0,0.017734774099505968,0.5647203613252094,6.829074784250915
0.11855770892171447,0.8929965883116273,-1.0,-1.6418021363214725
-0.35983261397118804,0.40667243272093856,-1.0,-3.1186522480624843
-0.4809880799637083,0.5758963131964161,0.46783427211595896,-0.9827121607144753
-0.742162334534983,0.14243706921920296,1.0,2.087479745060997
1.0,0.26807255112522776,-0.3015839671475211,5.279728537277057
0.2286089946721852,0.8640131441891943,-0.7164029690964566,3.0693027720549466
0.050397972864113294,0.6360437689399527,-0.19501495969746108,0.07960751017773582
0.2527605063195084,-0.07506859980817615,-0.28677221492434035,0.685012010998556
0.8796475388903644,-1.0,-0.45496548563114847,-7.74196296448704
1.0,1.0,0.6640308518972351,16.019177889663656
0.47084037638292875,-0.9336435232369205,0.5395775125688556,0.2049072635239697
-1.0,1.0,1.0,18.300451609451756
-0.29699759534310766,-0.016211859624674085,-0.9283356024464033,-1.135277677304065
-0.6622493984976525,0.041398598748741966,-1.0,1.6927416392802757
0.09351214198695712,1.0,-0.5523114612934923,10.056864032500311
1.0,-1.0,-0.16930819086139448,-8.903799730396234
0.1431360831553421,-1.0,0.30758471476036786,1.9779690277485598
-0.22923620162069858,1.0,-0.04213264738927025,7.001904704498329
-0.341255079561821,0.3641502727540833,0.7016441101824662,-0.011359563387807109
-1.0,-1.0,-0.5181471558519943,4.8204810380212555
1.0,1.0,1.0,25.35964078019452
0.2761651100982163,-0.0354837935067116,-0.22835357565808145,1.6838388958364767
-0.9871658546091275,-0.2838947739064295,0.6144467094801682,-0.9145668139084772
-0.1809342966992955,0.6115422417520133,-1.0,-3.7046126339162715
-1.0,-0.4190172059713242,0.31277216147535003,-1.3749544306060286
1.0,0.5853459592155916,-0.47137218657867286,5.584073662745496
0.1668588036359433,-0.530330402434513,0.11539271106286009,0.9048693843514638
-0.2385488740382462,0.2640429773191262,1.0,1.7529247392775997
1.0,0.5843896836882241,0.3775054019107795,9.103447530915647
1.0,-1.0,-0.18575738456392576,-8.794723421097341
1.0,0.1644240961909602,0.4041807971810232,6.653643148377485
-0.16454020301082029,-0.5318456037743136,0.3115504870468817,0.4388818485802669
-0.995429806244656,-0.4321437191970603,-0.8419184211248123,1.5895512337342526
1.0,-1.0,-0.07790056308319704,-9.366745923916923
-1.0,0.1603911059328007,-0.43434685428015785,-1.708714285678172
1.0,-0.817179039960519,-1.0,-9.10724727641751
-0.4585992285318625,-1.0,0.2410523981218009,3.524127320018589
-0.5331727468644873,0.1987972826133011,-0.3049380368594734,-0.41990046223234
0.5096214457170816,-1.0,0.6948133779954218,-1.3188001784831218
-0.31008874512904794,-0.2904388288326365,1.0,0.4160059060245953
0.8719122726390767,0.724067841429862,-0.7346133862238691,5.403850510646072
-0.8481644338167555,-0.7210929664728103,0.025267452511273936,3.350310430413014
0.9670611816964516,1.0,-1.0,33.33235833988984
-1.0,-1.0,-0.31209872416024576,5.4247586470734
0.34139636272127727,0.03616756610623484,-0.36307060599023266,1.132172426849681
0.5478139464158698,1.0,-0.5835670938109467,11.46968493104366
-1.0,1.0,1.0,17.41796346584749
-0.8934809723304786,-1.0,-0.6226771160064302,3.8709671763286506
0.7075795373843727,0.053247389886744045,-0.5752423985552562,1.5818971551297747
-0.07691858757954928,-0.918876527198867,-0.33842592837566743,1.5804119193042
-0.17739268499889893,-1.0,1.0,-6.583540616253907
-0.09991127473095407,0.7017125091733765,0.8510570227351191,3.3768081692100607
-0.1661106443570981,0.17179860771093414,-0.6048093923426894,0.7036558968808289
-0.7486127419764173,-0.20134674792875673,0.41600651339238714,0.5341054888611502
-1.0,-1.0,-0.3949447924602385,6.415579069741118
0.2731442212166948,0.2274966103646241,1.0,1.2777502152545321
-1.0,1.0,-1.0,21.819692799039817
-1.0,0.11036226527132298,-0.12934863963404575,-3.765748730193227
-0.38415321781827805,1.0,0.24537837734457923,6.51381882845517
0.6373010045494065,0.6863348896326924,-0.6706253933331225,1.716763331940386
-0.11148754467485,-0.6813072322212743,-0.30616378887821716,1.6577107796149093
-0.8127108775278586,-1.0,-0.7600518237459009,-0.11773805101320567
-0.25257414760037533,-0.8742089699111637,-0.3304873073815975,1.9443938028550383
0.09838729758803644,0.6488934797944572,0.37996135043794754,1.0251077147441001
0.556879500588698,-0.24178729533404164,-1.0,-3.5309085949483783
-1.0,0.3296038834104129,-1.0,15.747271089703146
1.0,-0.37892085203308423,-0.5188617143024756,4.994625782103988
0.818628843029229,-1.0,0.2732921882410284,-3.371588829771692
-0.5699589672229544,0.4210535943452607,-0.10173429586561489,-1.746789036966228
0.0873427838355898,-1.0,-0.8565754455464487,-9.338456358049504
0.1681584907818603,0.5750113475794967,0.40872476805033586,1.7876978448952539
-1.0,-1.0,0.4506007644113097,11.98827660001991
-0.08183822613253522,-0.3033731832062736,-0.6387550871335756,1.0921771443443804
-0.4729573228928372,1.0,0.2511255988829577,5.953611772867864
-0.18542035938443235,1.0,-0.5636713914188642,8.591641483295167
0.7509312771936842,0.6426688296121903,1.0,10.695476358923772
0.016024370877951943,0.19347920153821052,-0.6896268090810687,0.48381398731281666
-0.0022597645556312607,1.0,1.0,12.987431485719666
-0.9652872777485622,-1.0,-0.30959763043557254,6.4780574533653565
0.8522237656806719,-0.038302959469804554,-0.3669349593427016,2.859245569799895
0.9355696823392377,0.268417783244699,-0.2984079509364601,4.170793525427807
-0.250477324182411,0.055256247548593374,0.10449851003231614,-0.09562528826772952
0.20610146398327744,-0.325199147104525,0.44430244143815734,0.22634637787539602
0.0048253052202706925,-0.16849748740913095,1.0,-0.3797964170361591
0.5649087162677027,1.0,-1.0,8.595093635048478
-0.3577523159705187,-1.0,-1.0,-14.646732106382647
0.9419525745521931,-0.6024068378391729,0.1908916372176268,2.1388803665423035
-0.3890437701955074,-1.0,0.622727169740789,1.6753444850118377
-0.9473643432066874,-1.0,0.04429679646042195,7.609432760292198
-1.0,0.2872857513034788,1.0,3.916827671165124
-0.4013691625407505,-0.2833765337773637,0.029382289699114272,0.47715854600899643
-0.5603351199084612,1.0,-0.32894768139596064,5.432789967117376
1.0,-0.6714346141896985,0.7945127009942043,3.879327363281143
-0.6874069625430872,0.23674289000530346,1.0,2.7385469047635658
0.5702379105492157,-0.12605088958463395,1.0,-0.709484872227329
-1.0,-0.6131153629844757,1.0,11.092160064490583
-0.2683150315883891,-1.0,0.6927231994383611,0.5640798060872105
1.0,1.0,-0.27032836038090746,16.86783677246038
0.5199785446066427,0.7644172038690369,0.17417598182034832,2.302290849701151
-0.12427859844527278,-0.012583376328819451,-0.8700509857390581,-0.5590161830317466
-0.5149945882185925,-0.3964470846190289,-0.35509472069276216,0.5472860357035932
-0.19496312306847208,0.6883970396514134,-0.2874647913672337,-0.2442892269313777
0.16646782997860066,-0.49958785542296846,-0.26915651109915073,1.4235176244359211
-0.5826782051598847,1.0,1.0,17.133693982292
-0.7186606602479573,-1.0,0.6527131589947788,5.577522672230303
0.9740611211377868,-0.9307723237842129,-1.0,-18.365033746365736
-0.3001110218096872,0.5448977697655442,-0.9924775740626359,-4.409615592651407
1.0,0.07624360179840761,-1.0,9.053237556888785
-1.0,0.7331564960111798,-0.8630209524679608,11.269015162046289
-0.08890124793474508,-0.21591739769902452,-0.815975637731482,-0.4782368974563096
0.3530017657250524,-0.6051383052194286,-0.6892529961617351,-0.4225812182254485
-0.5049312824876888,1.0,-0.27664345011693436,5.647107086894448
-0.6577767774097285,-0.33447366526034794,-0.35109383589184273,0.45143335685318275
0.2990417035647661,0.6421085882565121,-0.7143859407327042,1.1958139915288912
-1.0,-1.0,1.0,21.841728415746218
0.08983041991813767,0.21134170241804484,-0.20434347847720669,-0.009635116811624655
0.39659505434985687,0.21016632397142354,0.26472087536988576,1.7613712998439652
-0.2058857143695172,-0.8959636011475971,-0.7201010015045513,-1.6915633739149074
0.6599080266032615,1.0,1.0,11.097474306544019
0.5418014273354761,0.11630165003292858,1.0,0.4894716578670759
-1.0,0.38715255459582365,1.0,4.080462866309669
-0.6447833043545033,0.19848779497325486,1.0,2.324981484741316
-1.0,1.0,1.0,17.316929932061946
-1.0,-1.0,0.29157370812755756,10.419148226555809
0.3792457783538936,1.0,1.0,9.338602835153766
1.0,0.011041958215833425,-1.0,8.164832465721064
1.0,-0.03906456643775269,0.5723568358580859,6.579702259982633
0.16226069959101386,0.15613781381412495,0.7742442216591157,-0.2864976733172392
1.0,-0.5594030338558083,-0.7403988964469974,5.31733121484663
1.0,1.0,-1.0,39.50036564363666
1.0,1.0,0.08270468519514718,14.106224608407189
0.32404439394786855,-1.0,-1.0,-20.260946676179014
0.36860117360505606,1.0,0.22253139030200786,7.469428750387686
0.09068398048644388,-0.15783799592518544,-0.17655186775240228,0.6717205259486976
-1.0,-0.5302608147217478,-0.2578392773581164,-0.9744845457464362
-0.4017072539749418,0.05918024489673401,-1.0,-1.390276715509228
0.9135488663597755,-1.0,-1.0,-29.1412949778467
0.341492188397269,-0.23500259000130597,-0.1832436103282966,0.9687189250326285
1.0,-0.13108360034307331,1.0,10.66450424656109
-0.5270596179518048,-0.34494550944619773,-0.550072425027216,1.7171369565314492
-0.7403269499894201,0.5561042134709713,0.5858386458424971,-2.050527667229582
1.0,0.40825131947721593,-1.0,11.013637599166303
-0.2846526987198674,0.16433425074414387,-0.9843201094307494,-2.515209301325282
-0.20309452684889484,0.9741662788986496,0.24109503310017644,5.964912072903175
0.6979348411232316,-0.6332023225965504,0.5411480544847773,1.251617200706901
-0.19786977418945484,-0.3706860560552043,-0.11069155192092994,1.5138458903451184
0.43624494981421136,-0.44698386492819675,0.1308391248773999,1.6432297531203508
0.25712418424864447,0.6477132520132463,1.0,5.3053309878973876
-0.45840639629186963,-1.0,0.7476937959341896,1.1201527643826648
0.502232780972832,0.4124344495976595,1.0,2.366914725667981
-0.9844066142098475,-0.28054405784839576,0.14832484816118696,-2.980252908006819
-0.7781438975133452,-1.0,-0.4417748375833068,4.189377180524921
-1.0,-0.5336437205554168,0.2389971162381086,0.11685265613477375
-0.14333342671564342,-0.8113281853940575,0.25905584138882887,2.2855021449238055
1.0,0.3383741857371674,-0.6935693023984564,6.183890571339882
0.5720036766375485,0.9067730508369085,0.2191804016353045,3.9091920937558777
1.0,-0.48484013988335795,-1.0,1.9133895732199548
-0.4329237452636219,0.7802126000180805,-0.7659864802223437,-0.9932476144299763
1.0,1.0,0.7937932927666878,18.554926458449227
0.0997692866347597,-1.0,0.7789246919240163,-1.7017712000713603
0.5211086422009779,0.6162464379874961,0.026976175014414627,1.9795242217958229
-0.08332037999970576,0.5351635397011056,-0.23235565675854297,-0.6869823096828999
0.8816734565315036,-0.802622869683526,-1.0,-11.174213221700306
0.11045721310834056,-0.05394470903865267,0.32019210067828974,1.1857741671515167
0.843795651842481,-0.13099321489996685,-0.4741982321152991,2.5181130519646313
0.039568091591684285,1.0,-0.0669844128555972,8.787075272992814
0.6746996122750724,0.387814860133451,0.7105537634454115,2.4649330792450517
-0.7013343853355156,-1.0,0.27400794759464686,5.100111605348907
0.08092049331698759,0.42362274502804054,0.7683016234789237,1.2275132627733445
1.0,-1.0,1.0,-9.132274566832637
-0.5414467160692857,0.49116281406800844,0.6337705437516183,-0.5442116283682564
-0.6410918189144876,1.0,-0.3727026232718358,4.692984818422184
-1.0,0.5653361229470637,-0.6485126216410209,3.5772200930688243
-1.0,1.0,0.1214990504094875,5.738935842170556
-0.9272102658982859,-0.07468019534592285,0.8455185200423068,-0.16093967902320055
0.5277521273362282,-0.7913561845461914,-0.9717597913024796,-9.729019082108803
0.23038577398177518,0.08202745986694837,0.04424012957007606,1.663736171934347
1.0,-0.5781879336712883,-0.8230889620583792,4.824219544495262
-0.6395856943120914,-0.005184649617135717,-0.5470715594580213,-0.059000150610733215
0.12225845453788553,0.8038091537294747,1.0,7.929292463714292
-0.15585789722017762,0.08292820033026205,-0.5455825056423551,0.7623242297000591
-1.0,0.6511610133288179,0.026342046484173487,-1.7465430698112703
-1.0,-0.5057507008135116,0.7922487384059322,3.2357979022192893
-1.0,-0.5454872482624435,-0.017798376172957653,-1.2772434624818785
0.21329298310188438,-0.8622339176790763,1.0,-4.230233973753191
-1.0,0.8480900387525949,-0.12805449763786303,4.327144174841274
0.37118086852748267,-0.7293679615396831,0.04838150911848871,1.4573261708116123
-0.1865067785270227,0.03445972036018041,0.5680085633809313,-0.301103539764197
-0.4146838303583147,-0.20602690155633652,-0.7125487394473176,0.019115071328920152
1.0,0.7321229974010968,-0.06562951485845003,7.7534906086802495
-0.26134491349528544,0.006376268961030496,0.4658765925382127,-0.04919286131528737
-1.0,-1.0,-0.20046486413283193,6.470216040846667
1.0,0.28883134048049497,0.030564717276121645,5.1823390668391465
0.5102599075921621,-0.0541743056248738,0.9698387081996822,-0.9663009712734358
-0.5286584977676605,-0.27250470877218924,0.14126642830744762,0.2874010628332865
0.49736070925333475,0.43968482004333187,-1.0,-2.2216289171808836
1.0,-0.07029470607649757,-1.0,7.6184178069571455
0.5606422342129485,-1.0,0.31716172377147256,-0.8649715667839286
0.5676582749165153,-0.8009832597918007,0.7031678920243183,-0.11775272687561283
0.36200116363096013,0.39586797058998213,0.5882506713547677,1.745943757396586
-0.4411597003310588,1.0,0.6010234485106825,7.900651201383553
0.6824714517246631,1.0,-1.0,10.579578372685015
1.0,-0.23695783605994802,0.48793062399333054,5.306879585606581
-0.36701051110295646,0.16823984972245865,0.36334939933535404,0.09244587029395523
0.3921644736080181,0.15099747388644147,0.1526875664036853,0.6306924408121878
-0.7417641463762681,0.12498774373150456,0.4254441594786431,-1.466550980609178
-0.47826984102491665,-0.4720867832126048,0.526995836095135,1.1095998559007216
0.140258948122715,-0.7015723696870431,0.039781110150056476,1.0213186549177862
-0.05321028944901185,0.278741359467948,1.0,1.8203307650585365
-1.0,0.7556785901340206,-0.017470613583187466,0.0855526659413359
0.18751715677755776,0.6352999743830781,-0.2458827265207384,1.0305747365859874
-0.5124510628160457,-0.6908664280858865,-0.23154018468098725,1.7955569392422575
-0.15035060456968452,0.9524990041298671,-0.4472591116325304,5.814388228200379
1.0,0.7849043083133107,-1.0,18.70767137844581
-0.9020934226267459,-0.20993616636956247,0.06442592204979958,-2.0183438486361456
-0.7475950178092479,0.7287565066589354,-0.4105560231569829,-0.9647925334088977
-0.8291393871550099,0.11666701581810823,0.3090668501776688,-2.2678969680729235
0.3947537126998899,0.5647993699611136,1.0,3.633009727909511
0.46159775599628006,0.8006591332032655,-0.3897124350555481,3.833900340012389
-0.063484334037339,0.2906838829753138,-0.8402303631418542,-0.3607262431324106
-0.549492973856448,0.0018914407908010578,1.0,1.5091082473309012
-0.13331702536831957,-0.8640101460700369,-0.17725219426517147,2.2804113068441563
-0.3114277290008698,-0.42283215050744927,-0.014624165700154235,1.3928165333024773
0.12445952221918533,1.0,-0.05088957718297715,8.754817002403515
0.13826787358296455,0.2513218499502379,0.19533062976731874,-0.0973590405199527
-0.4050540002323546,-0.2225633600492467,-0.0017727769259372472,0.2326604033795015
0.5321046609119757,0.7419327090293799,1.0,6.326383976288696
0.3638987769358355,-0.1632464674503229,0.19991427681365348,0.25627982083660006
0.19199374645803347,0.810849967981246,-1.0,-1.8242254310059525
-0.13176764376285854,0.37882000500553903,0.3505307054408273,-0.24206183527354908
0.12161907681275586,0.8844086634177617,-1.0,-1.7197228049178819
0.08540347365808154,-0.9770121539219332,0.8454836147274187,-2.4982949749318326
1.0,0.6583264923625787,0.38298689960249255,9.939309361382447
-0.5164411601999612,0.053065578405307345,0.05924779291118609,-1.4932040072480948
-1.0,-1.0,1.0,21.50334402537002
-1.0,0.26012778526267444,0.09239600132545811,-4.207447679412335
0.2576042075227445,0.127481204578187,-1.0,-3.7949988069171887
-0.5986739397496148,-1.0,1.0,-1.1385461591094477
-0.9723206425268793,-1.0,-1.0,3.0581515376165473
1.0,0.2988410090896019,0.24423256975378016,5.985043066619711
0.7964479152913937,-0.3612615371495316,0.07412373937692185,0.9343477760434815
-0.6120634390452759,-0.3956273649263704,-1.0,-0.10234837144659698
0.35544042363471773,-0.8815313443702686,0.10988076773531508,1.296750900291221
0.91252460625902,0.5645414894449194,0.38214109769498683,6.397822149470148
-0.11842024927012229,0.5961429237240485,0.5995158542448957,0.8829439026210248
0.6819692884964739,-0.2917723891357664,0.5807508394541256,1.3207625716261298
0.4451113708184513,0.0709168548315342,-0.21836904483678032,0.7836832993828764
0.21797628119044066,0.6463480266969654,-0.9719619478725299,-2.6272611728846065
-1.0,-0.9180434740045429,-0.4528729563646938,4.328992767596624
1.0,-1.0,0.11763576118268482,-7.8978282161785085
0.06285701242141939,-0.10348814593183331,0.5693663163990892,-0.6177841665864072
-1.0,0.0128402083399346,0.4499330814742457,-4.041938826611432
1.0,-1.0,0.8890341458664976,-6.61357177506632
-1.0,1.0,-0.02620793002998134,8.092909726295654
-0.8143394826168218,-0.8871671739035014,-0.22873491110079702,4.589549410918146
0.03963336989394972,-0.21109795633880735,-0.430225625231609,0.7728372829011301
1.0,0.7969274787390499,-1.0,19.282609612247686
0.4030323056359406,-0.19559681829989928,-0.2766720088608783,1.0925187848582933
-1.0,-0.3142359121229237,-1.0,6.6525870871562445
0.09480660642219463,1.0,-0.6374105883115637,9.75277658838558
0.5765583615670831,-0.04794426313563571,-0.10129642011750661,1.1804630896222434
0.3315162911110976,-1.0,0.023370027081156097,0.5992047990924362
-0.9384929960219377,0.48275101729918934,-0.656727806717945,0.4640068206381698
-0.40227143896183093,1.0,1.0,15.7068967630319
-0.6150237955840732,0.7590282623786717,0.07986697077730942,-0.42434867431566925
-0.3916890135569435,-1.0,-0.4809535273022636,1.8410004274976606
0.009036287318829217,0.6242606809757274,0.5413041565492365,0.44316449343731024
0.3002147511305997,-1.0,-0.6284988721683678,-2.8649848363162334
-1.0,0.06224998220624278,-0.03580685208982559,-4.509244687827207
-0.7347807627385852,0.9655145970679615,0.1489748298450413,1.9269400982543647
-0.46012635937171886,-0.021046863721499998,-0.19996989847893842,0.21863152994532864
-1.0,0.08687376054693385,-0.2578284593335287,-3.7372328224346436
-1.0,1.0,-1.0,22.404044219404113
0.8666606706906819,0.6853167234641362,-1.0,5.405287313571317
0.14556333426674084,0.2329568048266697,0.28582063843895433,1.1213092704423357
-1.0,-0.9347515397926531,1.0,20.03763816639919
0.7153543763606691,0.4336558920145952,0.4377238095389999,2.7785015890121323
0.5650178031995976,-0.21635516466950455,1.0,-1.7055024016242935
0.22592363231829626,0.22884824117915858,1.0,1.4100938719797775
0.24903961547528164,-0.7797572090851432,0.5895042594144853,-0.15853097378853348
0.3933301854234106,-0.8969759768993175,0.2440106144391594,1.552419505000563
-0.006233256559724731,1.0,0.6573821587688617,8.582017851575271
0.6083149207477627,-0.1926040880150437,1.0,-0.5130951796848763
-0.9042413981484458,0.47785091992892714,0.022578682720983956,-3.5997880907490174
-1.0,0.6828454348340038,0.10061415694005116,-1.6116189084667139
1.0,1.0,-1.0,38.781758179702585
-0.38430577020602263,-0.6703875214559343,-0.13975667130190916,0.5879350751181606
-0.6564419342519285,0.33369604045562395,-0.398203324248412,-2.1353531169538345
1.0,0.6054525118547744,0.2526286806278104,8.605350286129838
-1.0,-0.5685213254986063,0.2743347538922103,0.3329588703536644
-1.0,0.07974956245977438,0.4617602975455122,-4.39002987769455
0.5775116008390417,0.580352620851009,0.9661266764333636,5.115676130702788
-0.867751776243552,0.11796723488263461,0.04342368980594946,-3.4570697220819104
-0.9268980940575808,-0.5056177300935525,0.7112234219139211,2.4071277647521865
-0.6551922204831655,-0.3302068819781132,-0.9591711367602236,0.33860026130450077
0.13963431362535972,-0.25429069963762085,-1.0,-3.7730753816827223
1.0,-0.01655174248331437,0.7918180528776768,8.981954438099853
-0.29669907268558515,-1.0,0.5274999299478595,1.8584816201631396
-0.15462218571325614,0.6630848211611442,-0.1444135358188361,0.08730362365414676
0.9820555549053729,-0.5139863640306908,0.22695449892240194,3.5752905895876497
-1.0,1.0,0.9796634486351974,15.172643829223592
-0.2307931022598637,0.24244610270956235,0.3430458380325121,0.14464134241958837
1.0,-1.0,0.779764607339712,-6.896455880544899
-0.5514986072103294,-0.13497604745573577,0.7293289841841595,0.08753692540857834
1.0,0.5315425503282032,0.22503915256867435,7.077820803737292
-0.501313290360226,0.4893720625318194,-1.0,-2.496402072414527
-0.5230801151909825,0.22494601188035457,-0.8494046304739755,-0.32971097750936723
0.19846604833773984,-0.826108577595656,0.6193019227596817,0.04174112002323699
-1.0,0.5015740026607547,-0.4869721083676186,0.05375040807799425
0.4596331862967664,-0.3845464131150118,0.6118270661234666,1.3238091014653477
-0.9890430313427616,-0.03364656063311644,0.24849406717388223,-3.6756582915793183
0.2810132789345139,1.0,-0.09082983976757908,8.899161036015418
-0.5496463559684908,-0.16932614049732586,1.0,1.496399277537304
1.0,0.3604131507335182,0.43733503349602,8.1691947836151
-0.9546143318743823,-1.0,-0.07318584935690864,7.991770401938508
1.0,0.5854971061632468,-0.6765774799625728,7.17725996626115
-0.4531345899612591,0.6947495538978055,-0.8827438706615536,-2.3291212135003168
-0.3527000396104445,-0.08177106833352021,1.0,0.8846145378026228
-1.0,0.8229474809644137,-0.7113032664321481,8.605152027519061
0.04847219081014531,-0.10233433878571097,-0.21806883055478843,0.5113067811224024
-0.12899142223262117,1.0,-0.16601549038536567,7.3499864797722365
0.746738498675775,0.0034947553543853704,-0.9542930188946732,0.680048999628939
-1.0,-0.5273078678249841,-0.5567762656554041,0.5354089250794105
0.14328909871467888,0.487712544925091,-0.6688494322168816,0.37103108671002444
0.6609570694967593,-0.3038367334423968,-0.0653710219340975,1.3695594578512762
0.14758194382382772,-0.33535819063411143,0.3442324711199365,0.8464626825910322
0.06357529803373163,0.4994382428025592,-1.0,-4.090052246860265
0.11505317818832328,0.24022239672354195,-0.22987883800795084,0.9212206087721766
-1.0,0.7524702116754116,-0.024957434519216504,-0.4540221713756107
1.0,-0.7235358618026835,-0.23531182857532795,2.2284388582404793
0.2893559876599312,0.07056657018537793,0.08499753888655537,1.118440227376185
-0.5302949154034173,-0.20542807175173117,-1.0,-0.4496577577875719
-0.3842298973552598,-1.0,0.4919682429378809,3.062266555184352
-0.5810042303548133,0.23925625453871135,-0.006096859795968967,-1.424086084754216
0.19715521080073595,1.0,-0.3509897821556136,9.732441607403237
1.0,1.0,1.0,25.818982973543626
-0.5670576280114652,-0.6159851393500102,-0.4357482696485977,0.617011288893829
-0.014012380793919865,-0.7418739800737428,0.7670220108535297,-1.0106783653860052
0.131123866983601,1.0,-0.27445966369055874,9.450077585132275
0.9909820358151376,-1.0,-1.0,-29.49980877123391
-1.0,0.09497374941785797,-0.05218895797004963,-4.863927828936375
1.0,-0.1134363208409066,0.0023765501717551984,4.779535760866405
-1.0,1.0,-1.0,21.112157714333236
0.5287688367723897,-0.9833594033306863,-0.28969655260725635,-0.32277192123837495
-1.0,-0.6581374985235897,-0.8907265502709198,3.104844078462501
1.0,-0.7760123314287177,0.027060457855883957,0.7312618726499232
1.0,-0.7702145149138804,-0.7502573575591851,1.2628321138065237
0.30413373993900095,-0.4780430922147174,-0.772913213967102,-0.7909097027937776
-1.0,0.20146165965786444,-1.0,14.12228503141945
-0.875705855745686,-1.0,-1.0,-2.064601705138126
0.07809697494243983,0.48345325629278757,-0.10270874527026685,1.0121758210628216
-0.8940058077938657,-0.4890260091462786,0.5939940667453152,1.5691485322082248
1.0,0.15065545835447902,-1.0,10.02885816643783
1.0,-1.0,0.7750821446712823,-5.919686962040037
-0.453478722494272,-0.8241190433593912,-1.0,-8.409242369343975
0.6344847518760723,0.38701227497713186,1.0,3.8366151267089914
-0.045475865533823434,0.028691301512969503,-0.7952418884983279,0.6186599527865494
-0.8789199036658102,-1.0,0.917073350854146,11.059750059958487
-0.08014887220713507,-1.0,0.7030446601037714,-0.9042068012291857
0.8006043939350327,0.011100021886948808,0.715480800879458,3.6249665195042633
-0.25075364349211715,0.7644640401918972,-1.0,-4.49281106891293
1.0,0.45096999038013097,0.05538656348572424,6.335292144271909
-0.2827549606763755,0.8310506091702099,-0.10703618637063594,2.212347581211933
0.8029366786896786,1.0,-0.22361800607430915,10.60490237005549
-0.6582797124611544,-0.07070002209774229,-0.3187136248659612,0.4598878892615653
0.6290758494703246,0.6518623309124381,-0.3886585241264353,1.5039550573371838
0.46135330460774915,0.7705950831410044,-0.3652282231711419,2.7620264086674866
-0.7217245354502781,1.0,0.46441099729793844,2.7878594917408797
1.0,-0.4238488343852922,-0.46610323222699135,4.175651727397515
-0.39410700213613237,-0.5625540359755268,-0.6336044194486716,0.753891276206458
-0.3946950945731085,0.5669517497591239,0.41623331719923207,-0.5122374370435843
1.0,0.033972464800411606,-1.0,9.115119754836762
0.4326823281030734,0.8983640034575886,0.8258151394601547,6.729820590093205
-0.7930134183624185,0.9852109991054194,0.6821293501587873,3.596668046898898
0.29459407806876947,-0.2408820965274585,-1.0,-4.032840041367205
0.1850613802606731,1.0,0.7773417594593479,9.564042589995385
0.3993702383416109,0.16049628170819674,-0.35122123277207495,1.112811345566697
1.0,-0.6221569153984055,0.6618325739234223,4.38697215618432
-0.15570478743009852,0.9962739238701055,0.32904006861232027,7.657478254162983
-0.4223642375845147,1.0,0.28574959573870884,5.922076638793942
-0.005296589839982824,0.4048822553979836,1.0,2.200207654727677
-0.9644524023780934,-0.7986165766010263,1.0,13.89658011455521
-0.11666624526884828,-1.0,-0.7215388682611372,-4.070413976885628
-1.0,0.026350166433969813,0.17798748963292588,-5.181408688704556
0.18285704346713727,0.0788720530151843,0.016121677458110995,0.6947499102625355
0.2768468053225508,-0.4478910589728087,1.0,-2.1528943109011816
0.7143186508490462,-0.7633630476805568,0.9251299514135847,-2.2121722000500004
0.06601481801636466,-0.20952476997045255,-0.6955484321686338,1.4146251542659662
0.08332257270240939,0.013569022604028813,-0.21205693875711207,0.9404107634766192
-0.46094809737712117,0.23041278077481864,0.24384359422964685,-1.253625509136832
0.3215468882383641,1.0,0.5583038468399202,6.671615870205921
0.14734596312861892,-0.4385463638151401,0.5878340080570996,0.3781599645327486
0.721947301884041,-1.0,-0.508250894512754,-5.206857419858249
-0.4919029530069967,-1.0,0.0066950315237988,4.886549407941732
1.0,0.44769554730030126,-1.0,12.095623433499032
-0.6038362719726114,-1.0,0.4080971180758357,4.287396749095105
-0.7026580890337226,-0.1014653560399994,-0.9926403072334335,1.5857118881758017
-0.04939732062308555,0.9272068763025738,1.0,11.081227532689452
0.25231443400536224,-1.0,-1.0,-18.87502628832935
-0.9757181239812163,-1.0,-1.0,2.4065677057401076
-0.3104462289247045,0.5783981999030683,0.25994931472258176,-0.29677367761069495
-1.0,1.0,0.09558284912275195,6.587501015810271
-0.5241994083438626,-0.46703906185117594,0.18329908109431048,0.4659821974947864
0.2911866480830745,-0.19643568481985652,-0.7487582680774141,1.4430378344594206
-0.18629991900068466,-0.44296269282723144,-0.3571425004526858,1.2247502100393413
0.7230081233438161,1.0,-1.0,12.790756298253054
-0.04894484537051924,-0.2778913419526712,1.0,-1.3559576860389824
1.0,-0.4008261736864982,0.8552410516711684,6.335448323541106
0.015084680600091493,-1.0,-0.49589463158200897,-0.8295405409099633
1.0,-0.10843514696554757,0.7652012753596784,8.34340034978155
0.21582319843324527,-0.0910146405790424,-0.19053464471647108,1.0656367009609673
-0.7256941012201272,0.3396808965510161,1.0,3.658436487621745
-0.06372085962610141,-0.29812629379678635,-0.7847055455597587,0.20847102044144028
-1.0,0.907356254045268,1.0,14.421473973755814
-0.5860676259939386,-0.7053633420966852,-1.0,-3.2720294589929613
-0.6144579815400475,-0.1944462193596308,0.16650151227961763,0.3317267811031129
0.06081166504717794,0.16247658347310678,0.5003339623547103,-0.015756660858438076
0.9625039176716921,1.0,-0.9113499635608362,30.137967716623564
-1.0,0.06667083207821878,-1.0,11.195055728469816
-1.0,0.43083714452217525,1.0,4.360761479659886
1.0,0.5693597441586795,0.456339151419874,10.143461710278812
-0.6157062976395977,0.6464645545873182,1.0,6.529832224753628
-1.0,-0.8674453199503136,0.15574310708404115,5.386587084053608
-1.0,1.0,-0.1256099955404537,9.518680866310161
1.0,0.6067117986534001,1.0,23.867372901727865
-0.9713453992163756,-0.25936495367215406,1.0,4.7390734476272725
-0.4486294804016291,-0.6888864702934194,0.8160447241076492,0.2684045744802038
-0.6652094947747458,-0.8475737284669564,1.0,2.6843954175608675
0.9044630342842697,1.0,-0.322074370189416,13.470100161908954
-0.6394680692610462,0.41884208026273817,-0.9366943625554003,-1.0711788028306182
-1.0,1.0,0.9811620482036738,16.31841722433422
-0.29301597424990833,0.02743884547534159,-0.9246211440382244,-1.6794531835226687
0.40480054850207337,0.4030794542639635,0.8011853593113394,1.3618564207795123
-0.04493392269696184,-0.07131945261027028,-0.09578887112076262,1.0590534486251895
0.09203462176646271,-0.08713232121903025,0.004487804568718667,0.9151880505868335
0.144164941418776,1.0,1.0,11.28570639893055
-1.0,0.6419890462525353,0.94852197743394,4.570049938985392
-1.0,0.6619260407412331,-1.0,19.173836902608436
-1.0,0.1796734276686065,-0.9017143781213557,7.780734096018359
-0.11095298280910915,1.0,0.5872924948392435,7.903823636442014
-0.1541010740750628,-0.5559142074364278,-0.9990364714034965,-5.9691869058982325
-1.0,0.28076957268074,0.6941398020246645,-3.5834591280412575
0.3801170588884464,-1.0,0.9690500244735718,-5.786717010272768
0.5895152687180785,0.9011238184243886,-0.4889565504225848,5.228021168491738
0.4461286887993896,1.0,-1.0,6.62247550327402
0.8148340674882559,-1.0,-0.9776169705561382,-25.206784550737066
-0.9265073666596617,0.7558784397124798,-0.9664371969313894,10.142204840934415
-0.017928167237556192,0.005317708847848657,-0.5772034009493336,0.5315065566588815
0.10418054209456917,-0.002669310270362768,1.0,0.08780288897996003
-0.6991233119069407,-0.30098661595182596,-0.23781381569412496,0.44104893275823576
0.15286969978263287,0.21908830821663372,0.4380591321432914,0.7620406541098189
0.09952044018427197,-0.07399004333949,-1.0,-4.094151670077981
-0.5623259597679073,-0.5533124281722566,0.40521117353379266,1.2387904764346038
0.921131675194093,-0.822597643482212,0.2966570777226456,0.4010649427271118
-0.7937057040944515,0.31262925206812864,1.0,2.542547315120809
-0.9118382657860082,-1.0,-0.05409161708653709,7.50829973844681
-0.5259022276405161,0.9069006144319793,-0.664750207217512,1.5736560402971083
1.0,1.0,-0.003022559598151675,14.57330748460689
-1.0,-0.861583748810073,-1.0,4.9089848061405785
0.7352359467245158,1.0,-0.8583309844153686,14.999483729055886
0.19562456707212506,-0.33620861121447243,0.5312871326608228,0.7945666422866531
-1.0,-0.5034432202944934,-0.03386510260979825,-2.1499244122191548
0.07790689158049391,0.3924914603507099,-0.0035403112089109623,0.5838952997406957
0.2285473271464611,-0.36087708755252246,-0.11190479754735927,1.453044285395001
-0.33651385309618154,0.7851025276125232,-0.5116489715474613,0.18652659717652012
-0.5632972606989297,-0.6321813292972305,-0.12174333914690738,1.7833652549611043
0.7012504487789482,1.0,-0.32318364376913755,11.459883634286255
-0.6289819780375137,1.0,-0.9543784160637052,1.152232940089355
0.294236957465007,0.3613527528844822,1.0,1.9134639251200107
1.0,-0.326810862670353,-0.28924734313026,3.0853068661794456
0.1482976297631473,0.4093183632832862,0.44044929519252607,0.5034628130964599
-0.02539142783475068,-0.2260047274986383,-0.8315602408535594,0.02667292931235643
-0.9196499789765937,1.0,-0.4475182850253985,7.26160131705855
-0.15801981710570634,-0.2844369307148531,0.04743354352809215,0.38374481458083537
1.0,0.22852829138761743,-0.5996988169648345,5.353140835476056
-0.6657086072037426,-1.0,-0.9518718328617382,-7.109460036967105
0.5836675410578702,-0.05367015230773298,1.0,-0.8447217226557602
-0.4015314084190138,-0.2778348801083579,1.0,-0.024002718512022847
-1.0,-0.4885208069922289,-0.305751228862134,-1.0167000854331585
-0.1212440492128839,-0.049296050751456155,0.35480650511057843,0.2642283764287546
-0.6638597635645962,-0.24498445570838423,0.805402955592734,1.3443433239443832
-0.3169384893964262,-0.38623201099105775,0.9624480997320479,0.20450004459439391
0.7037175766767401,0.2795188873972101,0.3828177122969838,2.3471128810178548
-0.552120127255368,0.6792048469010237,-0.014089150890428614,-0.4147579773090002
0.36805195423782,-0.646208123758405,-0.30251746651060984,1.0692757360711966
0.18172211828004192,0.21186906211443235,1.0,1.0163046806802494
-0.6082414181639539,-0.2172102655510053,-0.9553525074091447,0.5971876797398438
1.0,-0.6926499343512584,0.8044996247410479,4.319309483319216
0.09405979406898357,0.43929675148598313,0.9566711284581906,2.0694283912357356
0.7412260052884272,0.7318879747429619,-0.46267959856419383,2.520563845542531
-0.279065553360204,1.0,-1.0,2.099152270624201
0.3732871287727133,0.28916669960067387,-0.2964696514172349,1.4480071940715316
-0.05709516173853135,-0.607699936262273,-0.4524211795669799,0.5748478873946621
1.0,-0.36248209242608964,-0.010815478503801934,4.436560039896488
0.9417960977870052,-0.43970130313395517,1.0,3.022565941307055
0.5581792080644712,0.5818645932860753,0.1098831718967912,1.530446679826337
0.9340755027065444,-0.8631996618419933,0.3516528549669278,0.1428525373916204
-1.0,-1.0,-0.4025051623738316,4.8679078449384745
1.0,0.9113109678519093,-0.19553252670446786,11.224936541315042
0.5244065753455092,-0.23391421552659653,-0.1972324169517472,1.3889401333035305
-0.19613935920133696,-0.2242157189657723,0.8516820343717639,0.0744288328741092
1.0,0.4174132147356995,0.2341487278510661,7.295903612211033
-0.30411354489245923,0.5869996708018126,1.0,5.080794214230731
-0.49277766712431714,0.11489526823961427,-0.9534523442431999,-1.2971624939536892
1.0,-0.5415308577424471,0.6170528303503036,4.900590398942929
1.0,0.5182166319199353,1.0,22.943713826120593
0.11345404650306734,-0.9652549657466605,-0.1989583331998903,2.262579922009814
0.44182757627321667,-1.0,-0.11013493612313763,0.041177014738996154
-0.9574592453174429,1.0,-0.6178533500148005,9.900342605611435
0.9744658694156147,1.0,-0.3667460733955876,16.03429281801448
1.0,0.6058511396896593,-1.0,14.673188440683402
0.007854618991051554,-0.641138104592974,0.20767281733592657,0.5077194439198972
-0.05793993656380758,0.9245820872006241,-1.0,-1.0494337039308435
-0.5416783231775486,1.0,0.8096623136852057,8.850927935547938
0.051926446756493716,-0.2211039148560272,-0.08748644717180931,0.7891190006462994
-0.6011867434547,0.5449671037521018,0.15961015126086964,-2.303539523654393
-1.0,-0.6011265752887722,-0.8244701511651724,1.3843202128636105
0.6772071856052482,0.14552888007024878,0.28458914890533693,2.077756348222522
1.0,-0.9164441157541992,1.0,-4.266600434289309
1.0,1.0,-0.1891214149331164,15.204110805164955
0.6262593473866087,-0.4605103321888413,-0.2694243463887618,1.5905429491663319
0.5240692445855699,0.22039193299703497,-0.14695959710744422,1.3181733692720752
-0.8498684894058577,0.21858339543781757,-0.3758289081200976,-1.9395346841376917
0.010432868163489317,1.0,-0.4262674368668087,10.026391564807955
-0.5218665247408254,0.7834377078964949,-0.7513557216990221,-0.7763694255322919
0.37666713316410183,0.8403259357110033,0.5552800563874185,4.204532140156186
0.9861954814365073,-0.5726281267087732,-1.0,0.3246314042332932
-0.1624135476188613,0.09328524559616769,-1.0,-2.4427476935360546
0.7667090476185512,-0.8072531618182537,-0.795386772343289,-3.339179891677488
0.4460208350384338,-0.1372074327377535,0.16670900670139432,1.826964855685898
-0.022043757099572847,-0.7229435893800855,-0.1581239932132481,0.9070564018711954
0.32262869481377376,-1.0,-1.0,-19.76325289293878
1.0,-1.0,0.40179111388892186,-6.502519610344262
1.0,0.9953302776749875,1.0,26.566822677869894
1.0,0.6443246494328319,-1.0,14.619582236272047
-1.0,-1.0,0.6922229386829537,15.141368850219378
-0.25170350870349023,-0.1919851149774492,-0.12032012816771331,0.39219429646157467
0.8073008592666961,-0.7716225991302277,0.2929621032671186,0.5056381989328158
-0.012213403100314046,-0.4361878946502433,0.9102922611958477,-0.8564023194270622
-0.219599678939155,-0.48760560329811553,-1.0,-5.1550730183318265
0.21372958698209432,-0.8201580100483661,0.34251564376640364,0.6434852983574084
0.8658787293753103,-0.3686628811646946,-1.0,-1.0771133106418334
0.21396384209586916,0.7985724784899613,-0.20903666605372506,2.5627312305314893
0.747031011590223,0.39464024907835094,-1.0,-0.14419810559771667
0.30464100726705134,1.0,1.0,10.664204203272005
-0.1197549159804372,-0.1811595552860108,-0.8580688679804878,0.10887624395985085
0.23343996473483508,0.24721970624977185,1.0,1.0199584362774297
0.2797715186140646,0.24195769839016656,-1.0,-2.9278176775253124
0.08128512262881316,-0.6357129552586049,0.6219987311105435,0.1603983684458697
0.5000999852207495,1.0,0.04594032742698184,7.883777803191831
0.2490653575102979,-0.4079495696186959,1.0,-2.8245060118683325
-1.0,1.0,1.0,17.30021043847428
0.21912480847180626,-1.0,0.15737229702245115,0.9613798860411042
0.9894999387329917,-1.0,0.38975897906334245,-6.775450076879592
0.6064098089054615,-0.3231818415916221,-0.8147850316203211,0.8226973676551358
-0.48661351445960443,1.0,0.3548877626571434,6.301528480764108
-0.37271964488969034,1.0,-0.5816525614259065,6.582549696588905
-1.0,0.22147897452748433,-0.11775373281506574,-3.53280735705813
0.22954501883891076,-0.4946806304275655,-0.5007553120786612,0.7263496537852602
-0.4584322435904147,0.09062400617915656,-0.7492199174195553,-0.5927680409816393
1.0,-0.3741820547260388,1.0,6.706335979194085
-1.0,-0.8726120033464153,0.45236685457013537,8.098157594070157
0.2774951792613711,0.05244598263821332,0.6056138159685389,0.728855907399257
0.8901344672806064,-0.22204442678347802,0.3145704729658154,2.1257856077474337
-1.0,-0.19457930743523977,0.08766626514925391,-3.7590445134079147
-0.4740487403192384,0.8072741960151324,-0.6632679225122704,-0.3462551606892921
0.41330444866512117,0.9823411359859098,0.7021177069334594,6.844514181750463
1.0,-1.0,-0.7837236275216952,-16.432293461985108
-0.010008604799613297,-0.596370358693175,-0.7736713965586475,-0.6164904492387931
1.0,-1.0,-0.34307432130099635,-9.013081929816934
-1.0,-0.5941946689537945,0.5616049881644907,3.1395284551705656
1.0,0.7225679506020024,0.22521065070345947,9.358206928935028
-0.78902140269138,-0.6609987098084147,0.36406913128939555,1.597926155604429
0.8637873192984371,-0.7212300556898408,0.15854437458268444,0.17236476775935827
-1.0,-0.11510569475232058,0.09443608566827666,-2.980521919905737
0.6336910590587075,0.004204445973077675,-0.6648260722896484,1.3228314784432178
0.7327295677433958,0.08282854339863555,-0.7321917825283402,2.7321110501202135
0.5114508986286779,-1.0,1.0,-6.9347578513960215
-1.0,0.7609064949492954,-0.1391566444979515,0.9362001942307503
-0.4694178284222741,-1.0,-0.9142448143352351,-7.922698259632002
0.7033504600751117,-0.5419386319736106,1.0,-2.2960542161334057
0.520707496827586,-0.2603641230809064,0.202122372477596,1.1872105471261336
-0.5381492060269415,-0.664351772156254,-0.4844211783096366,1.4499797043702582
-1.0,-0.6001435077589434,-0.41307722955779314,-0.3868053748771287
0.7751177688744328,-0.7794741779886407,0.6723580119171939,0.3871260321166283
0.5065180468774233,0.31181416733764555,-0.9633997872136733,-1.572449045471065
1.0,1.0,1.0,25.769389409996837
0.7532807440752474,1.0,0.5858348583204434,7.905720612795191
0.8229005371478195,-0.7644616647914075,0.07181101498044451,0.5381918805098002
-0.11751141378966845,0.5980859345174598,0.7167538501312194,0.7878262745642004
0.6922425108600678,-0.8264922616721742,0.22325997255153474,-0.1448058390486155
-0.4587348431677869,0.1885053009120703,-0.2807780466370726,-1.0500957675332188
1.0,0.8487542001831285,0.44137366339022543,11.107401305086572
-0.048236537020341475,-0.6364846986174288,-0.24108449639797236,1.2045352758345838
-1.0,0.22409015570337742,1.0,3.427049773921553
-0.9731010378108458,-0.7300196709796896,1.0,13.084175578893353
0.20846199512363417,0.765548150063418,0.03723132781654326,1.5927484235752973
1.0,-0.3445003584121342,-1.0,4.66498683728842
0.34963570892637086,-0.8470934338062444,-0.19245669075777694,1.1563918817624366
1.0,-0.7032668352409375,-1.0,-3.572875565019358
-0.5468850320518994,-0.8325758111527637,-0.5705652504294763,1.1776919406849002
-0.8601696613022352,0.6320516521391488,0.9269964163136946,3.4032114756760796
-0.8337720976078413,-1.0,-0.8397246472525888,-0.5347942436600736
-1.0,1.0,-0.01851412602348579,7.507344231928691
0.39395901674850875,0.7049066247367897,-1.0,-3.6006503913043746
-0.4639759122325886,0.3927067881871953,0.003935047281324655,-1.1549541835690051
1.0,-1.0,0.3917277191256283,-7.029089542143563
-1.0,0.47945837169442074,-0.6636487873217642,3.1978425712926364
0.630008516076344,-0.5079914756408717,0.20846089650436683,1.605865433680942
1.0,-0.8779235336344455,-0.2009742085230859,-1.59077568379125
0.6294714769693195,0.9717382068491494,0.16496748067413458,5.9841938823774345
0.5730614208712772,1.0,-0.3232820336631044,9.946838557837443
-0.12523114725003848,-0.3530011639638164,0.3099735429034891,-0.2301975218158826
0.9227649684863111,1.0,0.9502608178441416,19.346199084800773
0.44409010868866994,0.3457786235665763,-0.5854260204043948,0.5002327690441462
-0.09137810222876142,-0.8345893423826687,-0.33597533323517603,1.9353164748339466
-0.6398007049682792,0.5108510863268396,0.019435491074431654,-1.4146980946486896
-1.0,0.38585660572657554,-0.7507396296115403,4.740714128844499
-0.7650253442944175,-0.8734616312306056,0.724909218416125,4.806463358750546
0.23729459616696968,-1.0,0.022498852395288038,1.6482542117939203
-1.0,-0.7561913247462344,-1.0,4.7693986983448085
1.0,0.1362758900445169,0.38620905578443177,7.439882473647809
-1.0,-0.1911742603822859,1.0,4.656737644417821
0.10273455718973845,-0.7232403450114098,0.010750972591940577,1.7215381052270258
-0.46699835425993186,-0.5585870645811135,0.5771311735762845,0.2327382306485969
1.0,0.6270962638921724,-0.5791942842403908,6.977715193262033
0.34406134933992094,-0.4400770641239189,-0.4705480537495481,1.035656862613641
0.34045765238309245,-0.7214925488253525,0.19783155387798113,0.514685796423448
-1.0,0.3539966927042131,0.04785029409872421,-4.20678599894969
-0.41584928648676023,0.9241931112869917,-0.4561274854386217,3.4873674213505517
0.09045017851266235,1.0,0.16088509156039965,7.043815089504727
0.4986976490272659,0.9138922699779559,0.3944645495531858,5.224913481719154
0.7437144059886358,-1.0,-0.7820264035315305,-13.26120070561462
1.0,-0.3334235989428853,-1.0,4.668541330995358
-0.9081672505987022,1.0,-0.2669408378238711,6.6698267805259315
-0.48968979548329705,-0.19659969325734084,1.0,1.9260416326744865
-0.07720941814782578,-1.0,-0.8878596984604923,-10.61279491922886
0.36614493792962,0.16191006501044858,0.8644728969675524,-0.09981611306542737
0.8019566727157497,0.3505789180218555,1.0,8.690990506375472
0.6014247454297694,0.4017728686263715,0.17028443573514473,1.5827022329284839
0.19546464296893107,-0.49025114384153445,1.0,-2.4238280223511905
1.0,0.31839683762385107,1.0,19.02389562315089
-1.0,-0.9406419641700074,-0.13669834434313022,6.5346154405012
-0.04513116497961023,0.8091952925842307,0.6507997958476517,3.070016295650142
-1.0,0.4904492551111106,-0.5642414650018621,1.491528686733359
1.0,-1.0,0.6392587060940067,-5.5724763964693595
-1.0,1.0,-0.8185929665871172,14.697916039702928
0.9745231773902534,-1.0,-0.4952837320418608,-10.572011488217356
-0.0110067196962651,-1.0,-1.0,-16.82535964674817
-0.8411828197425946,-0.40687734976493095,-1.0,3.2704144837898603
-0.37875970167413,-0.5175312481339975,-1.0,-4.48584776728862
-0.9460006777388976,1.0,-0.6630193177628254,9.890315338938372
0.865771382825091,-1.0,-1.0,-27.744824007619457
0.6629956148460601,-0.0029356666191895364,0.4407937481189137,2.691650600591136
1.0,0.9990716814659004,-0.6239835422767535,22.705621135259985
-0.6701553568298129,-0.39210176018797727,0.5632630209669174,0.3103574571142288
0.9526393975599743,-1.0,-0.6466827951931815,-12.20673522798198
0.40516386689152784,0.016846458442689283,-0.167112063397433,0.14018196446814923
-1.0,0.5569095628727474,0.43668928445257804,-3.8538609563857844
0.15380037084253773,1.0,0.02564189610272183,7.918423346866752
0.6004721519688894,-0.9455765654776018,0.4902447583496785,-0.33356666691375
-0.6718549738762776,-0.5864160986806302,1.0,2.5926862015525467
0.7507775296284842,0.02469310208244191,0.3508134387427353,1.7624737079640536
0.01343264475116257,0.3814373654290979,-0.9594264600592763,-1.904285743827451
1.0,1.0,-0.13737884861242589,14.9779639187948
0.10132558850433848,-1.0,0.4389045778763869,0.9320814012122859
-1.0,-0.06580261897975603,-0.042859544854526144,-4.212892295563932
-1.0,-0.4801584403142354,1.0,8.163294403500801
-0.8428915112982756,-0.3835391410922935,0.6532742871965076,0.5231213116426643
1.0,-1.0,0.7560212405942348,-6.623556502542617
-1.0,1.0,0.10377507154274057,6.808008719624332
0.3325243083469236,1.0,0.9436993955409141,9.338809319021044
0.04917612177129893,-0.36975308487180714,1.0,-1.0012476319860608
-1.0,-0.5900727614509933,-1.0,5.601925194874399
-0.5153485310274222,0.4865102042463665,0.30422769664818006,-1.3068652827676044
0.024905415049540913,0.7634941572020577,-0.5840185034191525,1.1103888035264105
-0.3424580983103558,0.15924321426297317,-0.372878533856853,-0.044139827978992574
-0.802466018613359,-0.020543081910882277,-1.0,5.029692704881171
-0.024957395420236006,-1.0,-1.0,-16.895360829136017
-0.4135843430126478,1.0,-0.5668585490471441,6.5308486191258925
0.10508620319942152,0.8549798224667142,1.0,8.72326298758253
1.0,-1.0,-0.846176685882345,-19.08935235354963
-0.7840091247998393,0.6065897474558533,-0.8876701795133077,0.5811277116948897
0.5430733209385996,0.18407730615059936,1.0,1.4987448337318432
-1.0,-0.7817576125742935,-0.6638788463445247,2.4935127577283858
0.15563240555532887,0.12136452576685208,-0.9328314639550916,-1.4197899888056973
0.17532755247701903,-1.0,-0.5951688036355101,-2.9624725604007582
1.0,0.4402329756245764,0.7046305917536804,12.38164919861703
0.08679554174240556,0.11809926310925745,0.9704301255433339,0.3318047373793177
1.0,0.49029238595603863,0.3985456690897302,8.771743792084585
1.0,-0.1884882227086686,1.0,8.753919008705063
1.0,0.4264316901947005,1.0,20.579077144402678
-1.0,0.18750680203914039,-0.21709263053315397,-3.788948386497932
0.8098277051523883,-0.05096435590276438,-0.38942477963570954,2.3952258333144343
-1.0,-0.20794774796327298,-0.19319522277671752,-4.089515062522223
0.9382574932122545,-0.31786656162693916,0.6303799528039089,4.204123657082915
0.5232320675575877,-0.41533523248371274,-0.21682976126814202,0.6758783692762447
0.7662512312030036,-0.30975372882744945,-0.12275444895021059,1.2232417213456173
1.0,-0.6801543104175112,-0.36604281188509646,3.2189321769597345
1.0,0.9462508796030464,-0.4471178111706273,14.49517189911658
-0.0579891941518611,0.6812862060738245,1.0,5.987532508239264
-0.9742036934523037,-0.4404214820020038,-0.26157427220694696,-1.0641616421336222
-0.28114111233984374,-0.18290031240648208,-0.2282559175430936,1.0647609253667325
1.0,-0.451833597205725,0.48398373538117245,4.568184668128905
0.217614221618339,1.0,-0.719100056136005,10.334213490314106
0.888101624614742,-0.9981001628275126,-1.0,-27.937730940079007
-0.2777063163447864,0.366487290271881,0.048965788535940025,-0.8498531605125387
1.0,-1.0,0.5104698641009611,-7.006479966989343
0.07294938429271158,1.0,0.03191503193200229,8.51432727620045
0.6440977190644293,-0.664088551530907,1.0,-3.554923768021166
-0.5735331610065539,0.7425198366155235,-0.10439016599465867,-1.131717477889282
1.0,-0.15758260123093715,0.65913176719762,7.0967396457943135
0.27171572634150754,1.0,-0.4413392823864053,10.03215281807297
-1.0,-1.0,-1.0,3.062098799361249
0.6685528940573413,1.0,0.7713972848442809,9.103001188985264
1.0,0.04013920246735969,-0.15553245807005722,4.608347937833637
-1.0,0.6493883379980983,-0.32855348423033903,0.19472955903261024
-0.3967682130619319,-0.7643727854658628,1.0,-0.2828282484203218
1.0,0.48150523036077497,-0.09415002350928825,5.631637466807867
-1.0,1.0,-0.0512899856084974,9.252349993138681
0.43558418007968136,0.1922155930169489,0.5921569879782922,0.43430833271759095
-1.0,-0.060992301374920066,0.1181913907369414,-3.938978695331223
0.7624025981278464,0.7938495671322028,0.6799779593760211,5.90807364701116
0.8810720698110066,-0.3801404851708199,-1.0,-1.1940587603476527
0.1735604358908851,-1.0,0.6173345320526882,-0.6558933218735128
0.7441607172557598,-1.0,0.710227642769963,-2.2508440404734333
1.0,0.1449478865185656,-1.0,10.494248812190444
0.2588580357879988,0.14664687465299275,-0.24434007529539215,1.3470330376926385
0.4845505911142163,1.0,-0.16842321777933345,8.716725003692115
-0.7328267971564875,0.9723170545221387,-0.026616390523077627,2.8399397456496005
0.1693978142488417,0.09242444233623082,-0.5263872938109415,0.6265622979255414
0.2730213223750211,1.0,0.09100921621882452,6.5153103580378176
-0.19354103513569032,-0.8695457327679705,0.9303616324216202,-0.9991143067991367
0.44874533033639996,-0.26703272185706184,-0.8451544943265903,-0.2115484398712234
0.772562436760089,-0.8042727488848063,1.0,-3.5188093674866856
0.5589517930929957,-1.0,1.0,-7.252163285977169
-0.06726026301303123,-0.32815056322749325,0.3962555024656711,-0.45522281014138377
0.13771770626425273,0.10159756686908006,0.07795461953909433,0.9193359642447259
1.0,-0.627112847308932,-0.45444855504859016,2.8255891755247813
-0.6726244810787572,-0.4975978372346641,-0.5050034607130742,0.3802558931490907
-1.0,0.2804289613263746,-0.24515069566201575,-3.1350051876556297
0.844268573330522,-0.5047692890700657,0.6414968414318247,2.3147254085974875
0.13916693506322586,0.09694518210500647,-0.8093883579033576,0.1583355131046434
0.6827422650653157,-0.4072812636168732,-0.8743750755756927,-0.3113979096467339
1.0,0.7924439574304716,0.9055173430833068,21.72407418053721
-1.0,0.8834996363717822,-1.0,20.65461112716157
-0.23428874521141196,-0.6610104625817406,1.0,-1.9903857359911716
-0.3662363176921073,-1.0,0.07787138835419749,3.01415527168214
-0.7422297542155007,-1.0,0.7247536522818443,5.304468204815549
-0.09243726250068218,-1.0,-0.3041701805609771,1.47408526390149
1.0,-0.27084554513247894,-0.5777171959303549,5.082658908040442
0.7367059895162082,0.47570858473506816,-1.0,-0.4489176911335433
-0.6970195657828528,-0.11923327118839655,0.4451808448743375,-0.8206411879944893
0.4003378584373001,0.08498842456147271,-0.7307351260077788,0.31773016863214376
-0.821567961187782,-0.4559159476793715,-0.12405819684235242,0.46287660965773714
1.0,0.9045629873970531,0.6340466715914197,14.654024926161286
0.4885745539046942,-0.2586976074663676,1.0,-1.7656199471489171
0.4090126155621958,0.19853287707535405,-0.16852930841679536,1.4361790220906077
0.442914251516769,-0.7094569017193424,-1.0,-9.847301419388796
-0.7304915799592371,-1.0,0.960182183957164,2.9837851793845083
-0.6381639213606796,0.3808198104282321,0.14581292851565042,-1.5523018522563201
1.0,-0.3821663257540018,0.685437715155734,5.626369313464177
0.1160477056627418,0.4148339390989535,-1.0,-3.0488242084879413
0.30797938859079776,-0.21257617015403008,0.7604433779642628,-0.2860520223557318
0.2703722889222584,0.39406110400184646,0.2933638350699497,-0.3516868905118601
0.7695825685889708,-1.0,1.0,-6.820351168112819
1.0,-1.0,-0.2501500588002836,-8.894219839541513
-0.819664287359732,0.7822066222000228,0.8168323307908731,1.9585548214050026
-1.0,-0.6277691608377483,1.0,12.43813416274502
0.3968601988844196,-0.13783410419946707,-0.06250616326615788,1.4392826487128856
-0.7144520599107811,-0.34202912375163463,-0.8111784837351552,1.6322366896820932
-1.0,-0.2505787830160928,0.927949985300971,3.540186979500715
0.22173929047780705,-0.49186887440153315,-0.02513867497442135,1.820373185693539
-0.6156396457464077,-0.4811854403056517,-1.0,-0.9321612903958916
0.32855070906403894,-0.21616517758558573,-1.0,-3.8237367001738813
-0.37432005437635985,0.7143926563380962,0.10867578097999253,-0.02286692303671156
1.0,-0.7213235810344878,0.08063532542587026,2.9427439508374302
1.0,0.8759982289772648,0.3306119793770119,11.000650313579424
0.3052154111559475,1.0,0.36009546258983516,7.1975542356538575
0.06097899017161135,-0.422033602157609,-0.6147585171808285,0.2451471098371827
0.37407972763366737,-0.8709312880655071,0.6361508816832604,0.8102647759850905
0.11016688999417745,-0.7057308111466518,-1.0,-8.30544941966667
0.4908292996942294,-1.0,-0.2153002047348771,-0.49993798291866054
0.5336764247157839,0.2434846942608193,-1.0,-2.536914338084282
-1.0,0.23100448631817483,0.8058093110270328,-1.4834433310548905
0.286077225625996,0.28095131695055886,0.03247511685384996,1.0477655279080584
1.0,-0.28971206760408674,0.6998688105959003,5.846579827849443
-0.20403573772865147,-0.14958680560051496,1.0,0.06817444450218316
0.024728958134134782,0.4240764367313983,0.6937036419297926,0.8574490307325415
-0.1759342025349362,-0.13754861189562928,1.0,-0.5943735499578261
-1.0,-0.5985049873392938,0.051064469087782616,-0.33673353555928776
1.0,0.03483156902560336,0.3414699245356494,5.5395689467567415
0.5626451065971725,-0.22544946336687377,0.270705173011518,1.268211672735601
-0.24684707535585315,-1.0,-0.7347572268342666,-5.374456979041477
-0.8284954801906443,-0.29190563476821807,-0.00996500124140498,-1.6278483753575665
0.6311691570484588,-0.09961000121609898,0.5615864019167038,1.7960188157753818
0.7434822579016582,0.6627128911838396,-0.11041543345985438,1.2027771185807286
-1.0,1.0,0.40159883130440566,2.558143620189904
-0.8804865883542337,0.9119109779892294,0.48265341021939245,-0.513628763527591
-0.44945637518410053,-0.3745704686299258,0.5871623783387248,0.7985245984356253
-0.27910879770734387,0.10109197760200916,-0.12497366927662878,-0.07796075095314295
-0.03513193409983684,-0.7441248951100088,1.0,-2.2102244936479165
0.0268367195951269,-0.45152305476762344,-0.7344085728981038,-0.18023986673189585
-0.31850619128199287,-0.10898330283145374,1.0,1.6272815148563033
0.0366104913841816,-1.0,0.20948790466880407,1.9787962818149036
-0.5713265238813656,-1.0,-1.0,-10.555977909924723
-1.0,-0.8786789544448443,-1.0,4.317670392574217
-0.8244617553211202,0.4416448544090712,0.4032173518284152,-3.5657886942879355
-1.0,-0.2577516321237945,0.5081987267737362,-2.2955546924601475
-0.3506505613902453,0.045689503948252996,-0.15948780958204534,-0.46578321972372705
-0.7581983825454821,-0.18412189641039567,-0.796785658484825,1.9099690631397457
0.153899084910875,-0.6257137187574855,0.17083055942354086,0.13544922382749114
1.0,-0.2072703514276426,-0.07339935023063715,4.414302252208516
-0.4579644361003843,0.4324673476890655,-0.020534207231062584,-1.7921210065861803
-0.9621100226519703,0.36189028717647465,-0.008142658083013066,-3.845860636884173
0.32368926166943,-1.0,0.2991620859952091,-0.1308399644109315
1.0,0.3533059204732738,0.2873493783230858,7.164048064499347
-0.40218218654782767,0.5587654660689516,0.6907265132770635,-0.6816437594697099
0.13149853429259606,-0.42858558460351004,0.6030932352704426,0.30263127759026537
-0.4803856733859919,-0.7243128457390919,-0.5707975756050552,0.9993517416920998
-0.8101214534315999,-0.2541799322356193,-1.0,4.596567441208552
0.30501784941091015,-0.21332821474261698,-1.0,-4.492998944374427
-0.056341231596151786,-0.34615777109340606,1.0,-0.9172525572437368
0.9937029432730202,-0.8258605034378412,0.27379981712683876,0.386718454127524
0.2371987332648544,-0.5328090634442144,-0.3143287968417454,1.079861407827113
-1.0,0.1495482960366572,-0.4206888674846867,-1.8913317583688825
-1.0,0.31464808979364856,-1.0,15.706960205638687
-1.0,1.0,0.29429017959907067,3.366539234205922
-0.9652149040770392,-0.27474656900165817,0.6489017477488594,-0.9482477551238158
-1.0,-0.5167961613130398,0.1444520377212224,-1.583154416757814
0.3323942900012249,-0.49663083187296797,0.3012788792955221,1.3670665117736158
-0.07565976001792962,0.7149249552545831,-1.0,-4.239558817406244
0.26571763608126964,0.6535319308618128,-0.934320801354142,-2.2458740166893625
-0.27044973641765924,0.23654652413040633,1.0,2.5858979635881414
0.8607368533902418,-1.0,-0.20358393702633126,-5.83110790658622
-0.7665201433342581,0.2126337253595454,-0.3878079846830802,-1.2513324225194173
-1.0,0.1329298403923591,0.1818900232770715,-4.535594807860009
0.6169028379646253,-1.0,-0.4678868966102123,-4.022509433609483
-0.16074532896309246,0.46656709380406003,1.0,3.048260023016415
-0.04601604995264963,0.5888013761579567,0.012688587335029755,0.05362998559703208
-0.20519660162541675,1.0,0.7675229935479022,10.187768466037332
-0.6206439280953597,-1.0,-0.737258957024125,-1.234753266581356
1.0,0.16577621324199887,1.0,16.23797211012088
-0.13378158933974027,-0.06226334871022199,-0.31985603968841336,0.16287413680671003
-1.0,-0.39919798652629734,1.0,7.216391660489272
-1.0,0.8382515056237019,-1.0,20.078190333870392
-0.0564587670903236,1.0,0.16562239555225866,7.456269710745356
-0.8949033257191679,-1.0,0.16482691620569279,7.915673932997954
0.8287404640102629,0.0743378492285387,0.011406958924587096,2.428716258063528
-0.1271971369004139,-0.5002961438011237,0.6932264555819749,-0.6289086618212667
-0.7706933206254116,-0.9177672748062928,-0.17022964429834886,4.95085309518075
-0.1477816275688557,1.0,0.9047048942224871,11.302062525903667
-0.7335806972166221,-0.1734221173976065,0.1973952783716335,0.15074274275881894
0.4981941583297187,-0.44617318155191454,1.0,-2.4216793228061997
0.7317951678788595,-0.17050578182857423,1.0,0.1770770924204041
0.48814969474013803,-1.0,-0.49446792169631015,-1.9164360156113496
-0.5483436294692399,0.17816664847074448,1.0,2.278993422074801
1.0,0.1071083271651665,0.8514722383799502,10.763891863843117
1.0,0.13670158446914193,-0.2073743310708862,4.192906019680274
-0.5428284783144566,1.0,-0.9506919914678051,0.7306117303359526
-0.5136465347307093,0.8616773279053005,-0.5398588066485261,0.08149221388375016
0.30048004069583345,-0.5158865197064642,0.6938132951470295,0.5071984953324322
0.581669041312546,-0.6807803648017778,-0.0696865967564475,1.3335680906071965
-0.7655181710352088,1.0,-1.0,2.7627390586070293
1.0,1.0,0.7375006892722595,17.303552864391307
-0.2942273897568737,0.3704212677298444,-1.0,-2.718122251329941
-0.9434168362217596,-0.5512671260804083,1.0,8.922504001883448
-0.03763288743241344,0.6156912458614143,1.0,4.925056369631484
-0.17883374620157655,-1.0,0.3789445379184191,2.3813619643137627
0.4564418670125321,-0.080740253371955,-0.8870048665106582,-0.09153986690508423
-0.5526627854207131,0.6308984396868071,0.5476081635497982,-0.633914533300418
-0.8574437901455427,-0.020483582505758546,-0.18355686927784376,-2.565725029583393
-0.3047256928609836,-0.2155953797838872,0.6162029895032886,-0.18194038175823105
1.0,-0.4922472827039295,-0.9545460909846839,3.677900137636887
-1.0,0.6396219674870807,0.2692809348901697,-3.1567054519285143
0.8693690641901564,-0.07588455445588616,-0.6172577759884716,2.7156303545021068
-0.012302915600025166,0.3109740483923029,-1.0,-3.2600230443171103
-0.003258882370706706,-0.4527700116293587,1.0,-1.3868022293488893
0.08422021490511833,-1.0,-0.7666201139635243,-6.982439622693319
0.34942826216314815,1.0,1.0,10.072415309046173
0.5166362181630839,-0.22753941137212097,1.0,-2.0659730982021314
-0.007868760695041388,-1.0,-0.2989561604203832,1.9642435452654432
0.8321410188810225,-0.3895996501275969,-1.0,-2.456427400132576
0.04482006415025852,-0.7737883498491551,-1.0,-9.510041096837574
1.0,-1.0,0.7182086386888096,-5.7851132194872905
0.8863155856891294,-0.49421837174226524,1.0,1.1938545723340401
-0.744187882506606,0.5571920121367882,-0.41940607860470935,-2.3796557631158954
0.9728061319883394,0.6540534932757374,-1.0,12.493857798055611
0.9905072327653817,-1.0,1.0,-9.572359635346466
0.30062815903481477,-0.06215111535844797,0.48180614945077616,0.8620221165728115
0.14207820489536016,1.0,-1.0,5.857486131011399
0.4023985727046002,-0.9488914349544886,-0.32806504469687847,0.2952849839145119
0.48364418302432277,0.09399298680844814,0.25752013408608865,1.4384454825809558
-0.9572219512303013,0.1800227801016805,0.6558790031679014,-2.523853534244352
0.5385255105168147,0.4157932535008284,-0.27435526964518386,0.745203809381277
0.6734230626884221,0.316549877617057,1.0,4.495358943380049
0.8729119802341814,-0.3135254323088372,0.27926950986721866,3.4778696497383432
0.3490126305418775,-0.011379251282955805,-1.0,-3.0271334550482276
-1.0,-0.3115697203349246,-0.026028812532133516,-3.2043879115775717
0.09880988247917766,-0.6244534487363911,-1.0,-7.758153131125238
-0.4912687109772442,0.2639050247525605,1.0,2.4225174995438667
0.7957130435146191,0.7091445324741719,-0.05930318125566236,2.641064310456927
-1.0,-0.24020516550871873,1.0,5.3410493024653425
-1.0,0.4149635053459786,-0.835379702052444,8.214480939072558
-0.3949806671256686,-1.0,-0.5242093485399939,0.44279804172429105
-1.0,-0.11857876029514358,-0.13824191400646124,-3.722884232365703
0.006773202632560871,-0.9496639800551618,0.9105400065330251,-3.0782773918171515
-0.48675407388690495,0.8901400525320724,0.9269534844120728,8.793228019224989
-0.22605343233582764,-0.11492073520960511,0.11738729280242155,0.38615339019435063
0.03531458934194931,0.8995134659764541,-1.0,-0.7709673395434369
-0.5422396649386056,1.0,-0.37479455287175645,5.461756400146363
0.9507409968093261,1.0,-0.6964755141404999,22.52935507147691
0.6700081192587282,0.9515072270866014,-1.0,6.142196641515398
-0.5351552086784144,0.31724435904224046,0.3516794679183244,-1.7264173642021245
0.1932945468687528,-1.0,0.9657394379291802,-5.238159692778355
1.0,0.05110660755860241,0.3246036044664129,6.0551408728436105
-0.5919780259536851,0.3509892861990993,0.6967755648427669,-0.29785668484447236
-0.2788184137204184,0.5308207003134895,-1.0,-3.172330844010491
-0.6094422430315556,-0.8893055920270323,1.0,0.9896697759356586
0.017621692764532293,-0.6445702274436607,0.0007392071387450905,1.5032955182622163
1.0,0.36462098993843717,1.0,20.23882640108821
-1.0,-0.11463843961709963,-0.6982520463728044,-0.3949698657410661
-1.0,0.1562167199571569,-0.6482776810807682,-0.007740797545890965
0.8969973367728179,1.0,0.22183863810809745,9.051547645390459
0.23252535135478825,-0.4635046324834553,-0.6425036215761355,0.5762754066071085
-0.2677997362603939,-0.24169506268491503,1.0,-0.05490585941207937
-1.0,-0.5931790314253349,-0.9624637424804467,4.418623031595778
0.46825327968049724,-1.0,1.0,-8.090114983334923
-1.0,-1.0,-0.2136522131165699,5.979969890976584
-0.3456864469392462,0.1626583502347061,0.04678585947857372,-0.3701363859208704
-1.0,-0.5754934958803166,0.4455273522645393,1.0218330105072235
0.4178903168500576,1.0,-1.0,6.022830182602765
0.48864468061372834,-0.7125821900131986,-0.7723118360583932,-1.7183169741353712
-0.07550602658660699,-0.059943790843207,-0.147456291177386,0.4905942435284863
-0.22126232197313,0.5880370876850542,1.0,3.9405210311683927
-0.3105502469121675,1.0,0.18835108638224884,6.356407535763348
-0.38018120850463877,0.7670698816575678,-1.0,-4.35730321636456
-0.9444502742380751,1.0,0.05916232547122213,5.060933475520406
0.29786959610313923,0.043241463693036275,1.0,0.07499333153211513
0.6908470546838257,-0.7214832092238765,-0.16014239842851574,0.21005278310492204
-0.6302174830574823,0.9599512079721273,-1.0,-0.6959350682381699
-0.06396900372050163,-0.003308020557010849,1.0,-0.14071148188948807
0.5714765308469676,0.5572588153859916,0.7600111793650752,2.359633465068608
-0.8531879219067506,-0.5886993446560753,-0.5126263002235287,1.738477733783755
-0.7160353613472914,-0.31565256968633104,0.7435334149795487,0.8782468406673908
-0.5996832597977457,-0.3368518542916963,-0.04981168614728215,0.4682220067114112
